Day,Hour,Region,% of Total Sum of Trip Count,Sum of Trip Count,ID,,
1,0,CBD,0.0384805,624,10,,
1,0,Central,0.3529230,5723,0,,
1,0,Central East,0.0445239,722,1,,
1,0,East,0.1110631,1801,4,,
1,0,North,0.0357055,579,2,,
1,0,North East,0.0258387,419,8,,
1,0,North West,0.0253453,411,9,,
1,0,South,0.1200666,1947,3,,
1,0,South East,0.1391219,2256,7,,
1,0,South West,0.0753577,1222,6,,
1,0,West,0.0315738,512,5,,
2,0,CBD,0.0449124,738,10,,
2,0,Central,0.3495618,5744,0,,
2,0,Central East,0.0408958,672,1,,
2,0,East,0.1200706,1973,4,,
2,0,North,0.0356621,586,2,,
2,0,North East,0.0255599,420,8,,
2,0,North West,0.0275073,452,9,,
2,0,South,0.1155063,1898,3,,
2,0,South East,0.1469085,2414,7,,
2,0,South West,0.0668208,1098,6,,
2,0,West,0.0265944,437,5,,
3,0,CBD,0.0347671,839,10,,
3,0,Central,0.3783773,9131,0,,
3,0,Central East,0.0409415,988,1,,
3,0,East,0.1099785,2654,4,,
3,0,North,0.0346014,835,2,,
3,0,North East,0.0259821,627,8,,
3,0,North West,0.0266037,642,9,,
3,0,South,0.1229073,2966,3,,
3,0,South East,0.1300762,3139,7,,
3,0,South West,0.0699486,1688,6,,
3,0,West,0.0258163,623,5,,
4,0,CBD,0.0209449,477,10,,
4,0,Central,0.3353385,7637,0,,
4,0,Central East,0.0507157,1155,1,,
4,0,East,0.1012558,2306,4,,
4,0,North,0.0391675,892,2,,
4,0,North East,0.0335470,764,8,,
4,0,North West,0.0363133,827,9,,
4,0,South,0.1100817,2507,3,,
4,0,South East,0.1734434,3950,7,,
4,0,South West,0.0707386,1611,6,,
4,0,West,0.0284535,648,5,,
5,0,CBD,0.0104070,135,10,,
5,0,Central,0.2972556,3856,0,,
5,0,Central East,0.0423219,549,1,,
5,0,East,0.1749923,2270,4,,
5,0,North,0.0520352,675,2,,
5,0,North East,0.0303731,394,8,,
5,0,North West,0.0347672,451,9,,
5,0,South,0.1005242,1304,3,,
5,0,South East,0.1598828,2074,7,,
5,0,South West,0.0649861,843,6,,
5,0,West,0.0324545,421,5,,
1,1,CBD,0.0326067,350,10,,
1,1,Central,0.3894168,4180,0,,
1,1,Central East,0.0456493,490,1,,
1,1,East,0.0949320,1019,4,,
1,1,North,0.0321409,345,2,,
1,1,North East,0.0243153,261,8,,
1,1,North West,0.0225452,242,9,,
1,1,South,0.1253959,1346,3,,
1,1,South East,0.1494317,1604,7,,
1,1,South West,0.0581330,624,6,,
1,1,West,0.0254332,273,5,,
2,1,CBD,0.0448169,492,10,,
2,1,Central,0.3910548,4293,0,,
2,1,Central East,0.0431773,474,1,,
2,1,East,0.0896338,984,4,,
2,1,North,0.0316087,347,2,,
2,1,North East,0.0246857,271,8,,
2,1,North West,0.0257788,283,9,,
2,1,South,0.1194207,1311,3,,
2,1,South East,0.1435598,1576,7,,
2,1,South West,0.0611222,671,6,,
2,1,West,0.0251412,276,5,,
3,1,CBD,0.0431567,811,10,,
3,1,Central,0.4125160,7752,0,,
3,1,Central East,0.0428906,806,1,,
3,1,East,0.0771073,1449,4,,
3,1,North,0.0307578,578,2,,
3,1,North East,0.0234142,440,8,,
3,1,North West,0.0222435,418,9,,
3,1,South,0.1364410,2564,3,,
3,1,South East,0.1280332,2406,7,,
3,1,South West,0.0629523,1183,6,,
3,1,West,0.0204874,385,5,,
4,1,CBD,0.0312894,546,10,,
4,1,Central,0.3799427,6630,0,,
4,1,Central East,0.0456160,796,1,,
4,1,East,0.0810888,1415,4,,
4,1,North,0.0363897,635,2,,
4,1,North East,0.0269914,471,8,,
4,1,North West,0.0269914,471,9,,
4,1,South,0.1253868,2188,3,,
4,1,South East,0.1634957,2853,7,,
4,1,South West,0.0580516,1013,6,,
4,1,West,0.0247564,432,5,,
5,1,CBD,0.0117225,98,10,,
5,1,Central,0.3133971,2620,0,,
5,1,Central East,0.0444976,372,1,,
5,1,East,0.1583732,1324,4,,
5,1,North,0.0444976,372,2,,
5,1,North East,0.0287081,240,8,,
5,1,North West,0.0272727,228,9,,
5,1,South,0.1081340,904,3,,
5,1,South East,0.1870813,1564,7,,
5,1,South West,0.0491627,411,6,,
5,1,West,0.0271531,227,5,,
1,2,CBD,0.0246146,198,10,,
1,2,Central,0.4271507,3436,0,,
1,2,Central East,0.0345599,278,1,,
1,2,East,0.0699901,563,4,,
1,2,North,0.0294630,237,2,,
1,2,North East,0.0223769,180,8,,
1,2,North West,0.0195177,157,9,,
1,2,South,0.1449528,1166,3,,
1,2,South East,0.1594978,1283,7,,
1,2,South West,0.0402785,324,6,,
1,2,West,0.0275982,222,5,,
2,2,CBD,0.0442352,343,10,,
2,2,Central,0.4103688,3182,0,,
2,2,Central East,0.0358525,278,1,,
2,2,East,0.0678360,526,4,,
2,2,North,0.0341759,265,2,,
2,2,North East,0.0251483,195,8,,
2,2,North West,0.0247614,192,9,,
2,2,South,0.1262574,979,3,,
2,2,South East,0.1627547,1262,7,,
2,2,South West,0.0397214,308,6,,
2,2,West,0.0288883,224,5,,
3,2,CBD,0.0346294,505,10,,
3,2,Central,0.4522389,6595,0,,
3,2,Central East,0.0319550,466,1,,
3,2,East,0.0558184,814,4,,
3,2,North,0.0283206,413,2,,
3,2,North East,0.0218748,319,8,,
3,2,North West,0.0233148,340,9,,
3,2,South,0.1503806,2193,3,,
3,2,South East,0.1317287,1921,7,,
3,2,South West,0.0488240,712,6,,
3,2,West,0.0209148,305,5,,
4,2,CBD,0.0275907,377,10,,
4,2,Central,0.4173009,5702,0,,
4,2,Central East,0.0368852,504,1,,
4,2,East,0.0562061,768,4,,
4,2,North,0.0328601,449,2,,
4,2,North East,0.0285422,390,8,,
4,2,North West,0.0271516,371,9,,
4,2,South,0.1489315,2035,3,,
4,2,South East,0.1536885,2100,7,,
4,2,South West,0.0436915,597,6,,
4,2,West,0.0271516,371,5,,
5,2,CBD,0.0132072,81,10,,
5,2,Central,0.3495842,2144,0,,
5,2,Central East,0.0358715,220,1,,
5,2,East,0.1248981,766,4,,
5,2,North,0.0366868,225,2,,
5,2,North East,0.0265775,163,8,,
5,2,North West,0.0242948,149,9,,
5,2,South,0.1160933,712,3,,
5,2,South East,0.1985977,1218,7,,
5,2,South West,0.0392956,241,6,,
5,2,West,0.0348932,214,5,,
1,3,CBD,0.0186954,139,10,,
1,3,Central,0.4259583,3167,0,,
1,3,Central East,0.0317418,236,1,,
1,3,East,0.0711500,529,4,,
1,3,North,0.0381977,284,2,,
1,3,North East,0.0263618,196,8,,
1,3,North West,0.0285138,212,9,,
1,3,South,0.1498319,1114,3,,
1,3,South East,0.1425689,1060,7,,
1,3,South West,0.0384667,286,6,,
1,3,West,0.0285138,212,5,,
2,3,CBD,0.0409271,279,10,,
2,3,Central,0.4245269,2894,0,,
2,3,Central East,0.0335925,229,1,,
2,3,East,0.0620508,423,4,,
2,3,North,0.0419539,286,2,,
2,3,North East,0.0297785,203,8,,
2,3,North West,0.0330057,225,9,,
2,3,South,0.1154467,787,3,,
2,3,South East,0.1469855,1002,7,,
2,3,South West,0.0426874,291,6,,
2,3,West,0.0290450,198,5,,
3,3,CBD,0.0253759,324,10,,
3,3,Central,0.4658521,5948,0,,
3,3,Central East,0.0302318,386,1,,
3,3,East,0.0523966,669,4,,
3,3,North,0.0299969,383,2,,
3,3,North East,0.0262375,335,8,,
3,3,North West,0.0219298,280,9,,
3,3,South,0.1593045,2034,3,,
3,3,South East,0.1314223,1678,7,,
3,3,South West,0.0368891,471,6,,
3,3,West,0.0203634,260,5,,
4,3,CBD,0.0255873,293,10,,
4,3,Central,0.4344599,4975,0,,
4,3,Central East,0.0371147,425,1,,
4,3,East,0.0524845,601,4,,
4,3,North,0.0303904,348,2,,
4,3,North East,0.0248887,285,8,,
4,3,North West,0.0228801,262,9,,
4,3,South,0.1715134,1964,3,,
4,3,South East,0.1417343,1623,7,,
4,3,South West,0.0329229,377,6,,
4,3,West,0.0260239,298,5,,
5,3,CBD,0.0114307,60,10,,
5,3,Central,0.3617832,1899,0,,
5,3,Central East,0.0352448,185,1,,
5,3,East,0.0943037,495,4,,
5,3,North,0.0592494,311,2,,
5,3,North East,0.0327681,172,8,,
5,3,North West,0.0360069,189,9,,
5,3,South,0.1112593,584,3,,
5,3,South East,0.1887979,991,7,,
5,3,South West,0.0401981,211,6,,
5,3,West,0.0289579,152,5,,
1,4,CBD,0.0110753,79,10,,
1,4,Central,0.2970700,2119,0,,
1,4,Central East,0.0423384,302,1,,
1,4,East,0.1010795,721,4,,
1,4,North,0.0654703,467,2,,
1,4,North East,0.0451423,322,8,,
1,4,North West,0.0511706,365,9,,
1,4,South,0.1594000,1137,3,,
1,4,South East,0.1396327,996,7,,
1,4,South West,0.0507500,362,6,,
1,4,West,0.0368709,263,5,,
2,4,CBD,0.0122669,75,10,,
2,4,Central,0.2837749,1735,0,,
2,4,Central East,0.0439974,269,1,,
2,4,East,0.1200523,734,4,,
2,4,North,0.0680406,416,2,,
2,4,North East,0.0454694,278,8,,
2,4,North West,0.0541380,331,9,,
2,4,South,0.1197252,732,3,,
2,4,South East,0.1506379,921,7,,
2,4,South West,0.0538109,329,6,,
2,4,West,0.0480864,294,5,,
3,4,CBD,0.0117953,118,10,,
3,4,Central,0.3728509,3730,0,,
3,4,Central East,0.0392843,393,1,,
3,4,East,0.0762695,763,4,,
3,4,North,0.0461815,462,2,,
3,4,North East,0.0343862,344,8,,
3,4,North West,0.0354858,355,9,,
3,4,South,0.1858257,1859,3,,
3,4,South East,0.1216513,1217,7,,
3,4,South West,0.0465814,466,6,,
3,4,West,0.0296881,297,5,,
4,4,CBD,0.0147773,149,10,,
4,4,Central,0.4003769,4037,0,,
4,4,Central East,0.0342160,345,1,,
4,4,East,0.0680353,686,4,,
4,4,North,0.0464148,468,2,,
4,4,North East,0.0328275,331,8,,
4,4,North West,0.0339185,342,9,,
4,4,South,0.1603689,1617,3,,
4,4,South East,0.1448974,1461,7,,
4,4,South West,0.0380839,384,6,,
4,4,West,0.0260835,263,5,,
5,4,CBD,0.0075147,41,10,,
5,4,Central,0.2538490,1385,0,,
5,4,Central East,0.0507698,277,1,,
5,4,East,0.1059384,578,4,,
5,4,North,0.0778959,425,2,,
5,4,North East,0.0520528,284,8,,
5,4,North West,0.0562683,307,9,,
5,4,South,0.1053886,575,3,,
5,4,South East,0.1671554,912,7,,
5,4,South West,0.0667155,364,6,,
5,4,West,0.0564516,308,5,,
1,5,CBD,0.0059584,53,10,,
1,5,Central,0.2405846,2140,0,,
1,5,Central East,0.0519393,462,1,,
1,5,East,0.1399663,1245,4,,
1,5,North,0.0773468,688,2,,
1,5,North East,0.0549747,489,8,,
1,5,North West,0.0634064,564,9,,
1,5,South,0.1071388,953,3,,
1,5,South East,0.1367060,1216,7,,
1,5,South West,0.0721754,642,6,,
1,5,West,0.0498033,443,5,,
2,5,CBD,0.0080170,64,10,,
2,5,Central,0.2331204,1861,0,,
2,5,Central East,0.0544908,435,1,,
2,5,East,0.1439309,1149,4,,
2,5,North,0.0851810,680,2,,
2,5,North East,0.0592509,473,8,,
2,5,North West,0.0714017,570,9,,
2,5,South,0.0908180,725,3,,
2,5,South East,0.1291494,1031,7,,
2,5,South West,0.0705249,563,6,,
2,5,West,0.0541150,432,5,,
3,5,CBD,0.0071138,70,10,,
3,5,Central,0.2899390,2853,0,,
3,5,Central East,0.0510163,502,1,,
3,5,East,0.1280488,1260,4,,
3,5,North,0.0668699,658,2,,
3,5,North East,0.0495935,488,8,,
3,5,North West,0.0538618,530,9,,
3,5,South,0.1268293,1248,3,,
3,5,South East,0.1279472,1259,7,,
3,5,South West,0.0583333,574,6,,
3,5,West,0.0404472,398,5,,
4,5,CBD,0.0089745,89,10,,
4,5,Central,0.2928305,2904,0,,
4,5,Central East,0.0464858,461,1,,
4,5,East,0.1219119,1209,4,,
4,5,North,0.0657457,652,2,,
4,5,North East,0.0505193,501,8,,
4,5,North West,0.0550570,546,9,,
4,5,South,0.1218110,1208,3,,
4,5,South East,0.1295755,1285,7,,
4,5,South West,0.0643340,638,6,,
4,5,West,0.0427549,424,5,,
5,5,CBD,0.0064943,54,10,,
5,5,Central,0.2087793,1736,0,,
5,5,Central East,0.0526759,438,1,,
5,5,East,0.1613951,1342,4,,
5,5,North,0.0856284,712,2,,
5,5,North East,0.0590499,491,8,,
5,5,North West,0.0727601,605,9,,
5,5,South,0.0845460,703,3,,
5,5,South East,0.1380637,1148,7,,
5,5,South West,0.0766085,637,6,,
5,5,West,0.0539988,449,5,,
1,6,CBD,0.0044838,82,10,,
1,6,Central,0.1794619,3282,0,,
1,6,Central East,0.0567038,1037,1,,
1,6,East,0.1719160,3144,4,,
1,6,North,0.0883093,1615,2,,
1,6,North East,0.0740376,1354,8,,
1,6,North West,0.0750766,1373,9,,
1,6,South,0.0681868,1247,3,,
1,6,South East,0.1387795,2538,7,,
1,6,South West,0.0845910,1547,6,,
1,6,West,0.0584536,1069,5,,
2,6,CBD,0.0062031,91,10,,
2,6,Central,0.1813224,2660,0,,
2,6,Central East,0.0514656,755,1,,
2,6,East,0.1755283,2575,4,,
2,6,North,0.0892297,1309,2,,
2,6,North East,0.0717791,1053,8,,
2,6,North West,0.0775051,1137,9,,
2,6,South,0.0715065,1049,3,,
2,6,South East,0.1336742,1961,7,,
2,6,South West,0.0837082,1228,6,,
2,6,West,0.0580777,852,5,,
3,6,CBD,0.0074764,98,10,,
3,6,Central,0.1964449,2575,0,,
3,6,Central East,0.0524870,688,1,,
3,6,East,0.1890449,2478,4,,
3,6,North,0.0812481,1065,2,,
3,6,North East,0.0662191,868,8,,
3,6,North West,0.0678212,889,9,,
3,6,South,0.0805615,1056,3,,
3,6,South East,0.1322093,1733,7,,
3,6,South West,0.0750687,984,6,,
3,6,West,0.0514190,674,5,,
4,6,CBD,0.0069520,83,10,,
4,6,Central,0.2119105,2530,0,,
4,6,Central East,0.0533546,637,1,,
4,6,East,0.1739677,2077,4,,
4,6,North,0.0706089,843,2,,
4,6,North East,0.0622330,743,8,,
4,6,North West,0.0629031,751,9,,
4,6,South,0.0835916,998,3,,
4,6,South East,0.1438144,1717,7,,
4,6,South West,0.0790686,944,6,,
4,6,West,0.0515956,616,5,,
5,6,CBD,0.0046497,72,10,,
5,6,Central,0.1718437,2661,0,,
5,6,Central East,0.0532128,824,1,,
5,6,East,0.1891508,2929,4,,
5,6,North,0.0838231,1298,2,,
5,6,North East,0.0735551,1139,8,,
5,6,North West,0.0779464,1207,9,,
5,6,South,0.0664514,1029,3,,
5,6,South East,0.1343881,2081,7,,
5,6,South West,0.0862125,1335,6,,
5,6,West,0.0587665,910,5,,
1,7,CBD,0.0071797,195,10,,
1,7,Central,0.1885125,5120,0,,
1,7,Central East,0.0555596,1509,1,,
1,7,East,0.1530191,4156,4,,
1,7,North,0.0837261,2274,2,,
1,7,North East,0.0662739,1800,8,,
1,7,North West,0.0636230,1728,9,,
1,7,South,0.0805596,2188,3,,
1,7,South East,0.1453976,3949,7,,
1,7,South West,0.0886230,2407,6,,
1,7,West,0.0675258,1834,5,,
2,7,CBD,0.0066026,156,10,,
2,7,Central,0.1980785,4680,0,,
2,7,Central East,0.0538367,1272,1,,
2,7,East,0.1513523,3576,4,,
2,7,North,0.0746180,1763,2,,
2,7,North East,0.0634444,1499,8,,
2,7,North West,0.0646718,1528,9,,
2,7,South,0.0801202,1893,3,,
2,7,South East,0.1425911,3369,7,,
2,7,South West,0.0953993,2254,6,,
2,7,West,0.0692851,1637,5,,
3,7,CBD,0.0081200,137,10,,
3,7,Central,0.1877074,3167,0,,
3,7,Central East,0.0518018,874,1,,
3,7,East,0.1676743,2829,4,,
3,7,North,0.0833333,1406,2,,
3,7,North East,0.0586178,989,8,,
3,7,North West,0.0672712,1135,9,,
3,7,South,0.0784139,1323,3,,
3,7,South East,0.1419512,2395,7,,
3,7,South West,0.0865932,1461,6,,
3,7,West,0.0685159,1156,5,,
4,7,CBD,0.0062522,90,10,,
4,7,Central,0.1898576,2733,0,,
4,7,Central East,0.0495311,713,1,,
4,7,East,0.1747829,2516,4,,
4,7,North,0.0732893,1055,2,,
4,7,North East,0.0615491,886,8,,
4,7,North West,0.0594651,856,9,,
4,7,South,0.0787774,1134,3,,
4,7,South East,0.1569295,2259,7,,
4,7,South West,0.0884335,1273,6,,
4,7,West,0.0611323,880,5,,
5,7,CBD,0.0047959,113,10,,
5,7,Central,0.1888210,4449,0,,
5,7,Central East,0.0602665,1420,1,,
5,7,East,0.1459129,3438,4,,
5,7,North,0.0765215,1803,2,,
5,7,North East,0.0686699,1618,8,,
5,7,North West,0.0624310,1471,9,,
5,7,South,0.0786436,1853,3,,
5,7,South East,0.1505390,3547,7,,
5,7,South West,0.0971055,2288,6,,
5,7,West,0.0662932,1562,5,,
1,8,CBD,0.0122148,417,10,,
1,8,Central,0.2230880,7616,0,,
1,8,Central East,0.0512903,1751,1,,
1,8,East,0.1322241,4514,4,,
1,8,North,0.0691584,2361,2,,
1,8,North East,0.0497964,1700,8,,
1,8,North West,0.0509095,1738,9,,
1,8,South,0.0992413,3388,3,,
1,8,South East,0.1458742,4980,7,,
1,8,South West,0.1013211,3459,6,,
1,8,West,0.0648818,2215,5,,
2,8,CBD,0.0110664,371,10,,
2,8,Central,0.2249366,7541,0,,
2,8,Central East,0.0497241,1667,1,,
2,8,East,0.1290977,4328,4,,
2,8,North,0.0694705,2329,2,,
2,8,North East,0.0517226,1734,8,,
2,8,North West,0.0533930,1790,9,,
2,8,South,0.0967934,3245,3,,
2,8,South East,0.1472931,4938,7,,
2,8,South West,0.1028486,3448,6,,
2,8,West,0.0636540,2134,5,,
3,8,CBD,0.0062190,139,10,,
3,8,Central,0.2078207,4645,0,,
3,8,Central East,0.0525704,1175,1,,
3,8,East,0.1352512,3023,4,,
3,8,North,0.0778041,1739,2,,
3,8,North East,0.0598184,1337,8,,
3,8,North West,0.0645161,1442,9,,
3,8,South,0.0783410,1751,3,,
3,8,South East,0.1507763,3370,7,,
3,8,South West,0.0987875,2208,6,,
3,8,West,0.0680954,1522,5,,
4,8,CBD,0.0048882,92,10,,
4,8,Central,0.2054089,3866,0,,
4,8,Central East,0.0591361,1113,1,,
4,8,East,0.1510547,2843,4,,
4,8,North,0.0697625,1313,2,,
4,8,North East,0.0624303,1175,8,,
4,8,North West,0.0591361,1113,9,,
4,8,South,0.0772010,1453,3,,
4,8,South East,0.1654004,3113,7,,
4,8,South West,0.0919186,1730,6,,
4,8,West,0.0536635,1010,5,,
5,8,CBD,0.0115416,384,10,,
5,8,Central,0.2205224,7337,0,,
5,8,Central East,0.0502540,1672,1,,
5,8,East,0.1395510,4643,4,,
5,8,North,0.0642001,2136,2,,
5,8,North East,0.0508852,1693,8,,
5,8,North West,0.0486610,1619,9,,
5,8,South,0.1000571,3329,3,,
5,8,South East,0.1493793,4970,7,,
5,8,South West,0.1012594,3369,6,,
5,8,West,0.0636891,2119,5,,
1,9,CBD,0.0177861,626,10,,
1,9,Central,0.2572167,9053,0,,
1,9,Central East,0.0507728,1787,1,,
1,9,East,0.1103534,3884,4,,
1,9,North,0.0465962,1640,2,,
1,9,North East,0.0412547,1452,8,,
1,9,North West,0.0465110,1637,9,,
1,9,South,0.1126548,3965,3,,
1,9,South East,0.1498182,5273,7,,
1,9,South West,0.1132231,3985,6,,
1,9,West,0.0538129,1894,5,,
2,9,CBD,0.0167481,562,10,,
2,9,Central,0.2581059,8661,0,,
2,9,Central East,0.0501550,1683,1,,
2,9,East,0.1069853,3590,4,,
2,9,North,0.0475325,1595,2,,
2,9,North East,0.0424663,1425,8,,
2,9,North West,0.0480391,1612,9,,
2,9,South,0.1107701,3717,3,,
2,9,South East,0.1504053,5047,7,,
2,9,South West,0.1152998,3869,6,,
2,9,West,0.0534927,1795,5,,
3,9,CBD,0.0065442,166,10,,
3,9,Central,0.2355121,5974,0,,
3,9,Central East,0.0521959,1324,1,,
3,9,East,0.1249704,3170,4,,
3,9,North,0.0675708,1714,2,,
3,9,North East,0.0536545,1361,8,,
3,9,North West,0.0583458,1480,9,,
3,9,South,0.0882678,2239,3,,
3,9,South East,0.1564693,3969,7,,
3,9,South West,0.1040763,2640,6,,
3,9,West,0.0523930,1329,5,,
4,9,CBD,0.0040179,79,10,,
4,9,Central,0.2351236,4623,0,,
4,9,Central East,0.0633201,1245,1,,
4,9,East,0.1255722,2469,4,,
4,9,North,0.0638287,1255,2,,
4,9,North East,0.0546231,1074,8,,
4,9,North West,0.0538094,1058,9,,
4,9,South,0.0863595,1698,3,,
4,9,South East,0.1728715,3399,7,,
4,9,South West,0.0984640,1936,6,,
4,9,West,0.0420100,826,5,,
5,9,CBD,0.0173892,574,10,,
5,9,Central,0.2618680,8644,0,,
5,9,Central East,0.0501681,1656,1,,
5,9,East,0.1120301,3698,4,,
5,9,North,0.0475022,1568,2,,
5,9,North East,0.0446242,1473,8,,
5,9,North West,0.0479869,1584,9,,
5,9,South,0.1073344,3543,3,,
5,9,South East,0.1499894,4951,7,,
5,9,South West,0.1104244,3645,6,,
5,9,West,0.0506831,1673,5,,
1,10,CBD,0.0231614,730,10,,
1,10,Central,0.2848214,8977,0,,
1,10,Central East,0.0500666,1578,1,,
1,10,East,0.0968653,3053,4,,
1,10,North,0.0444191,1400,2,,
1,10,North East,0.0380735,1200,8,,
1,10,North West,0.0437210,1378,9,,
1,10,South,0.1118726,3526,3,,
1,10,South East,0.1479789,4664,7,,
1,10,South West,0.1132686,3570,6,,
1,10,West,0.0457516,1442,5,,
2,10,CBD,0.0210878,663,10,,
2,10,Central,0.2830153,8898,0,,
2,10,Central East,0.0492366,1548,1,,
2,10,East,0.0998092,3138,4,,
2,10,North,0.0440840,1386,2,,
2,10,North East,0.0376590,1184,8,,
2,10,North West,0.0444975,1399,9,,
2,10,South,0.1146947,3606,3,,
2,10,South East,0.1499364,4714,7,,
2,10,South West,0.1117048,3512,6,,
2,10,West,0.0442748,1392,5,,
3,10,CBD,0.0087405,246,10,,
3,10,Central,0.2702079,7605,0,,
3,10,Central East,0.0530112,1492,1,,
3,10,East,0.1129863,3180,4,,
3,10,North,0.0582341,1639,2,,
3,10,North East,0.0520519,1465,8,,
3,10,North West,0.0514123,1447,9,,
3,10,South,0.0978859,2755,3,,
3,10,South East,0.1515012,4264,7,,
3,10,South West,0.1030023,2899,6,,
3,10,West,0.0409664,1153,5,,
4,10,CBD,0.0056628,110,10,,
4,10,Central,0.2521493,4898,0,,
4,10,Central East,0.0674903,1311,1,,
4,10,East,0.1079537,2097,4,,
4,10,North,0.0538481,1046,2,,
4,10,North East,0.0524067,1018,8,,
4,10,North West,0.0511712,994,9,,
4,10,South,0.1012098,1966,3,,
4,10,South East,0.1737452,3375,7,,
4,10,South West,0.1034234,2009,6,,
4,10,West,0.0309395,601,5,,
5,10,CBD,0.0211957,619,10,,
5,10,Central,0.2782153,8125,0,,
5,10,Central East,0.0506780,1480,1,,
5,10,East,0.1039584,3036,4,,
5,10,North,0.0454732,1328,2,,
5,10,North East,0.0446857,1305,8,,
5,10,North West,0.0464662,1357,9,,
5,10,South,0.1144364,3342,3,,
5,10,South East,0.1430626,4178,7,,
5,10,South West,0.1062526,3103,6,,
5,10,West,0.0455759,1331,5,,
1,11,CBD,0.0251956,789,10,,
1,11,Central,0.2951940,9244,0,,
1,11,Central East,0.0489861,1534,1,,
1,11,East,0.1023471,3205,4,,
1,11,North,0.0378732,1186,2,,
1,11,North East,0.0347118,1087,8,,
1,11,North West,0.0423120,1325,9,,
1,11,South,0.1180904,3698,3,,
1,11,South East,0.1424557,4461,7,,
1,11,South West,0.1092448,3421,6,,
1,11,West,0.0435893,1365,5,,
2,11,CBD,0.0237573,736,10,,
2,11,Central,0.2948031,9133,0,,
2,11,Central East,0.0479664,1486,1,,
2,11,East,0.0978373,3031,4,,
2,11,North,0.0402195,1246,2,,
2,11,North East,0.0371530,1151,8,,
2,11,North West,0.0397999,1233,9,,
2,11,South,0.1240478,3843,3,,
2,11,South East,0.1411879,4374,7,,
2,11,South West,0.1120723,3472,6,,
2,11,West,0.0411556,1275,5,,
3,11,CBD,0.0103114,295,10,,
3,11,Central,0.2808207,8034,0,,
3,11,Central East,0.0489356,1400,1,,
3,11,East,0.1148939,3287,4,,
3,11,North,0.0545982,1562,2,,
3,11,North East,0.0472928,1353,8,,
3,11,North West,0.0492153,1408,9,,
3,11,South,0.1058408,3028,3,,
3,11,South East,0.1519801,4348,7,,
3,11,South West,0.1020308,2919,6,,
3,11,West,0.0340802,975,5,,
4,11,CBD,0.0083801,230,10,,
4,11,Central,0.2864534,7862,0,,
4,11,Central East,0.0487138,1337,1,,
4,11,East,0.1168841,3208,4,,
4,11,North,0.0527581,1448,2,,
4,11,North East,0.0472200,1296,8,,
4,11,North West,0.0492968,1353,9,,
4,11,South,0.1049698,2881,3,,
4,11,South East,0.1587845,4358,7,,
4,11,South West,0.0937842,2574,6,,
4,11,West,0.0327552,899,5,,
5,11,CBD,0.0244113,707,10,,
5,11,Central,0.3005317,8704,0,,
5,11,Central East,0.0469581,1360,1,,
5,11,East,0.1068296,3094,4,,
5,11,North,0.0447828,1297,2,,
5,11,North East,0.0400870,1161,8,,
5,11,North West,0.0413991,1199,9,,
5,11,South,0.1110766,3217,3,,
5,11,South East,0.1347628,3903,7,,
5,11,South West,0.1096955,3177,6,,
5,11,West,0.0394655,1143,5,,
1,12,CBD,0.0264317,840,10,,
1,12,Central,0.3012272,9573,0,,
1,12,Central East,0.0510384,1622,1,,
1,12,East,0.0972310,3090,4,,
1,12,North,0.0418502,1330,2,,
1,12,North East,0.0394273,1253,8,,
1,12,North West,0.0420076,1335,9,,
1,12,South,0.1144430,3637,3,,
1,12,South East,0.1390812,4420,7,,
1,12,South West,0.1085903,3451,6,,
1,12,West,0.0386721,1229,5,,
2,12,CBD,0.0255714,819,10,,
2,12,Central,0.3035781,9723,0,,
2,12,Central East,0.0492069,1576,1,,
2,12,East,0.1021606,3272,4,,
2,12,North,0.0396216,1269,2,,
2,12,North East,0.0353753,1133,8,,
2,12,North West,0.0388410,1244,9,,
2,12,South,0.1209567,3874,3,,
2,12,South East,0.1379418,4418,7,,
2,12,South West,0.1070938,3430,6,,
2,12,West,0.0396528,1270,5,,
3,12,CBD,0.0102830,294,10,,
3,12,Central,0.2906509,8310,0,,
3,12,Central East,0.0481620,1377,1,,
3,12,East,0.1106992,3165,4,,
3,12,North,0.0511000,1461,2,,
3,12,North East,0.0465531,1331,8,,
3,12,North West,0.0476024,1361,9,,
3,12,South,0.1078311,3083,3,,
3,12,South East,0.1448008,4140,7,,
3,12,South West,0.1056626,3021,6,,
3,12,West,0.0366549,1048,5,,
4,12,CBD,0.0085761,237,10,,
4,12,Central,0.2936855,8116,0,,
4,12,Central East,0.0434956,1202,1,,
4,12,East,0.1125746,3111,4,,
4,12,North,0.0531210,1468,2,,
4,12,North East,0.0474037,1310,8,,
4,12,North West,0.0488873,1351,9,,
4,12,South,0.1078343,2980,3,,
4,12,South East,0.1582775,4374,7,,
4,12,South West,0.0928895,2567,6,,
4,12,West,0.0332549,919,5,,
5,12,CBD,0.0255448,776,10,,
5,12,Central,0.3017644,9167,0,,
5,12,Central East,0.0492132,1495,1,,
5,12,East,0.1064586,3234,4,,
5,12,North,0.0469089,1425,2,,
5,12,North East,0.0378893,1151,8,,
5,12,North West,0.0420370,1277,9,,
5,12,South,0.1154454,3507,3,,
5,12,South East,0.1334848,4055,7,,
5,12,South West,0.1024096,3111,6,,
5,12,West,0.0388439,1180,5,,
1,13,CBD,0.0263014,866,10,,
1,13,Central,0.3031343,9981,0,,
1,13,Central East,0.0495353,1631,1,,
1,13,East,0.0950313,3129,4,,
1,13,North,0.0455263,1499,2,,
1,13,North East,0.0373565,1230,8,,
1,13,North West,0.0421248,1387,9,,
1,13,South,0.1159570,3818,3,,
1,13,South East,0.1386746,4566,7,,
1,13,South West,0.1093968,3602,6,,
1,13,West,0.0369617,1217,5,,
2,13,CBD,0.0246461,813,10,,
2,13,Central,0.3042107,10035,0,,
2,13,Central East,0.0481705,1589,1,,
2,13,East,0.1044351,3445,4,,
2,13,North,0.0425319,1403,2,,
2,13,North East,0.0390154,1287,8,,
2,13,North West,0.0399551,1318,9,,
2,13,South,0.1192591,3934,3,,
2,13,South East,0.1387819,4578,7,,
2,13,South West,0.1020402,3366,6,,
2,13,West,0.0369540,1219,5,,
3,13,CBD,0.0115574,341,10,,
3,13,Central,0.2942552,8682,0,,
3,13,Central East,0.0504660,1489,1,,
3,13,East,0.1086595,3206,4,,
3,13,North,0.0526013,1552,2,,
3,13,North East,0.0470090,1387,8,,
3,13,North West,0.0516862,1525,9,,
3,13,South,0.1010337,2981,3,,
3,13,South East,0.1442467,4256,7,,
3,13,South West,0.1023216,3019,6,,
3,13,West,0.0361634,1067,5,,
4,13,CBD,0.0079979,216,10,,
4,13,Central,0.2904802,7845,0,,
4,13,Central East,0.0462102,1248,1,,
4,13,East,0.1205243,3255,4,,
4,13,North,0.0573555,1549,2,,
4,13,North East,0.0475062,1283,8,,
4,13,North West,0.0537638,1452,9,,
4,13,South,0.0991224,2677,3,,
4,13,South East,0.1515163,4092,7,,
4,13,South West,0.0904951,2444,6,,
4,13,West,0.0350280,946,5,,
5,13,CBD,0.0270122,838,10,,
5,13,Central,0.3018406,9364,0,,
5,13,Central East,0.0497051,1542,1,,
5,13,East,0.1054379,3271,4,,
5,13,North,0.0455146,1412,2,,
5,13,North East,0.0396480,1230,8,,
5,13,North West,0.0443864,1377,9,,
5,13,South,0.1123682,3486,3,,
5,13,South East,0.1331593,4131,7,,
5,13,South West,0.1041485,3231,6,,
5,13,West,0.0367792,1141,5,,
1,14,CBD,0.0261884,855,10,,
1,14,Central,0.3014886,9843,0,,
1,14,Central East,0.0489157,1597,1,,
1,14,East,0.1017520,3322,4,,
1,14,North,0.0457915,1495,2,,
1,14,North East,0.0381340,1245,8,,
1,14,North West,0.0408601,1334,9,,
1,14,South,0.1127481,3681,3,,
1,14,South East,0.1351384,4412,7,,
1,14,South West,0.1106653,3613,6,,
1,14,West,0.0383178,1251,5,,
2,14,CBD,0.0251078,844,10,,
2,14,Central,0.2964153,9964,0,,
2,14,Central East,0.0495612,1666,1,,
2,14,East,0.1045962,3516,4,,
2,14,North,0.0451287,1517,2,,
2,14,North East,0.0378700,1273,8,,
2,14,North West,0.0412018,1385,9,,
2,14,South,0.1153354,3877,3,,
2,14,South East,0.1408300,4734,7,,
2,14,South West,0.1065893,3583,6,,
2,14,West,0.0373643,1256,5,,
3,14,CBD,0.0101112,300,10,,
3,14,Central,0.2841254,8430,0,,
3,14,Central East,0.0504887,1498,1,,
3,14,East,0.1139535,3381,4,,
3,14,North,0.0546006,1620,2,,
3,14,North East,0.0490731,1456,8,,
3,14,North West,0.0536906,1593,9,,
3,14,South,0.0990900,2940,3,,
3,14,South East,0.1491743,4426,7,,
3,14,South West,0.0980115,2908,6,,
3,14,West,0.0376812,1118,5,,
4,14,CBD,0.0086617,235,10,,
4,14,Central,0.2815230,7638,0,,
4,14,Central East,0.0455199,1235,1,,
4,14,East,0.1281928,3478,4,,
4,14,North,0.0616638,1673,2,,
4,14,North East,0.0453725,1231,8,,
4,14,North West,0.0533338,1447,9,,
4,14,South,0.1011758,2745,3,,
4,14,South East,0.1515609,4112,7,,
4,14,South West,0.0863219,2342,6,,
4,14,West,0.0366739,995,5,,
5,14,CBD,0.0274974,839,10,,
5,14,Central,0.3092554,9436,0,,
5,14,Central East,0.0476534,1454,1,,
5,14,East,0.1049095,3201,4,,
5,14,North,0.0443432,1353,2,,
5,14,North East,0.0359858,1098,8,,
5,14,North West,0.0390666,1192,9,,
5,14,South,0.1153644,3520,3,,
5,14,South East,0.1331935,4064,7,,
5,14,South West,0.1039919,3173,6,,
5,14,West,0.0387389,1182,5,,
1,15,CBD,0.0255199,778,10,,
1,15,Central,0.2901988,8847,0,,
1,15,Central East,0.0523191,1595,1,,
1,15,East,0.1105753,3371,4,,
1,15,North,0.0529423,1614,2,,
1,15,North East,0.0348685,1063,8,,
1,15,North West,0.0405760,1237,9,,
1,15,South,0.1091321,3327,3,,
1,15,South East,0.1352424,4123,7,,
1,15,South West,0.1080496,3294,6,,
1,15,West,0.0405760,1237,5,,
2,15,CBD,0.0242547,755,10,,
2,15,Central,0.2887111,8987,0,,
2,15,Central East,0.0488306,1520,1,,
2,15,East,0.1182215,3680,4,,
2,15,North,0.0479954,1494,2,,
2,15,North East,0.0378759,1179,8,,
2,15,North West,0.0401568,1250,9,,
2,15,South,0.1102223,3431,3,,
2,15,South East,0.1385248,4312,7,,
2,15,South West,0.1072346,3338,6,,
2,15,West,0.0379722,1182,5,,
3,15,CBD,0.0092695,267,10,,
3,15,Central,0.2739897,7892,0,,
3,15,Central East,0.0497500,1433,1,,
3,15,East,0.1257464,3622,4,,
3,15,North,0.0553395,1594,2,,
3,15,North East,0.0477364,1375,8,,
3,15,North West,0.0532565,1534,9,,
3,15,South,0.1057839,3047,3,,
3,15,South East,0.1432440,4126,7,,
3,15,South West,0.0976600,2813,6,,
3,15,West,0.0382239,1101,5,,
4,15,CBD,0.0085987,222,10,,
4,15,Central,0.2713998,7007,0,,
4,15,Central East,0.0450074,1162,1,,
4,15,East,0.1395151,3602,4,,
4,15,North,0.0594159,1534,2,,
4,15,North East,0.0445038,1149,8,,
4,15,North West,0.0524440,1354,9,,
4,15,South,0.0990782,2558,3,,
4,15,South East,0.1543109,3984,7,,
4,15,South West,0.0895887,2313,6,,
4,15,West,0.0361376,933,5,,
5,15,CBD,0.0270214,773,10,,
5,15,Central,0.3034922,8682,0,,
5,15,Central East,0.0518754,1484,1,,
5,15,East,0.1159856,3318,4,,
5,15,North,0.0441151,1262,2,,
5,15,North East,0.0332786,952,8,,
5,15,North West,0.0360052,1030,9,,
5,15,South,0.1100780,3149,3,,
5,15,South East,0.1296885,3710,7,,
5,15,South West,0.1102877,3155,6,,
5,15,West,0.0381725,1092,5,,
1,16,CBD,0.0216535,610,10,,
1,16,Central,0.2796493,7878,0,,
1,16,Central East,0.0547016,1541,1,,
1,16,East,0.1149764,3239,4,,
1,16,North,0.0564055,1589,2,,
1,16,North East,0.0400767,1129,8,,
1,16,North West,0.0427390,1204,9,,
1,16,South,0.1063860,2997,3,,
1,16,South East,0.1337191,3767,7,,
1,16,South West,0.1089773,3070,6,,
1,16,West,0.0407156,1147,5,,
2,16,CBD,0.0212091,608,10,,
2,16,Central,0.2752642,7891,0,,
2,16,Central East,0.0504064,1445,1,,
2,16,East,0.1240102,3555,4,,
2,16,North,0.0520110,1491,2,,
2,16,North East,0.0379879,1089,8,,
2,16,North West,0.0428716,1229,9,,
2,16,South,0.1095685,3141,3,,
2,16,South East,0.1386961,3976,7,,
2,16,South West,0.1072662,3075,6,,
2,16,West,0.0407088,1167,5,,
3,16,CBD,0.0093597,258,10,,
3,16,Central,0.2554326,7041,0,,
3,16,Central East,0.0480319,1324,1,,
3,16,East,0.1292944,3564,4,,
3,16,North,0.0620352,1710,2,,
3,16,North East,0.0502812,1386,8,,
3,16,North West,0.0546708,1507,9,,
3,16,South,0.1091239,3008,3,,
3,16,South East,0.1446399,3987,7,,
3,16,South West,0.0966806,2665,6,,
3,16,West,0.0404498,1115,5,,
4,16,CBD,0.0065153,159,10,,
4,16,Central,0.2670054,6516,0,,
4,16,Central East,0.0456892,1115,1,,
4,16,East,0.1438699,3511,4,,
4,16,North,0.0653581,1595,2,,
4,16,North East,0.0463039,1130,8,,
4,16,North West,0.0530651,1295,9,,
4,16,South,0.0983445,2400,3,,
4,16,South East,0.1453860,3548,7,,
4,16,South West,0.0884691,2159,6,,
4,16,West,0.0399934,976,5,,
5,16,CBD,0.0224202,609,10,,
5,16,Central,0.2924567,7944,0,,
5,16,Central East,0.0486323,1321,1,,
5,16,East,0.1286309,3494,4,,
5,16,North,0.0472702,1284,2,,
5,16,North East,0.0319920,869,8,,
5,16,North West,0.0391709,1064,9,,
5,16,South,0.1083091,2942,3,,
5,16,South East,0.1278577,3473,7,,
5,16,South West,0.1101498,2992,6,,
5,16,West,0.0431101,1171,5,,
1,17,CBD,0.0237320,663,10,,
1,17,Central,0.2666714,7450,0,,
1,17,Central East,0.0532627,1488,1,,
1,17,East,0.1290045,3604,4,,
1,17,North,0.0638938,1785,2,,
1,17,North East,0.0417010,1165,8,,
1,17,North West,0.0476787,1332,9,,
1,17,South,0.1003329,2803,3,,
1,17,South East,0.1350181,3772,7,,
1,17,South West,0.0986863,2757,6,,
1,17,West,0.0400186,1118,5,,
2,17,CBD,0.0212262,600,10,,
2,17,Central,0.2598436,7345,0,,
2,17,Central East,0.0506952,1433,1,,
2,17,East,0.1371210,3876,4,,
2,17,North,0.0640323,1810,2,,
2,17,North East,0.0411080,1162,8,,
2,17,North West,0.0491739,1390,9,,
2,17,South,0.1046804,2959,3,,
2,17,South East,0.1355644,3832,7,,
2,17,South West,0.0958715,2710,6,,
2,17,West,0.0406835,1150,5,,
3,17,CBD,0.0097708,275,10,,
3,17,Central,0.2675786,7531,0,,
3,17,Central East,0.0500622,1409,1,,
3,17,East,0.1328478,3739,4,,
3,17,North,0.0630307,1774,2,,
3,17,North East,0.0486765,1370,8,,
3,17,North West,0.0542903,1528,9,,
3,17,South,0.1042814,2935,3,,
3,17,South East,0.1357257,3820,7,,
3,17,South West,0.0914194,2573,6,,
3,17,West,0.0423166,1191,5,,
4,17,CBD,0.0083669,216,10,,
4,17,Central,0.2648358,6837,0,,
4,17,Central East,0.0474899,1226,1,,
4,17,East,0.1464208,3780,4,,
4,17,North,0.0605051,1562,2,,
4,17,North East,0.0481484,1243,8,,
4,17,North West,0.0549272,1418,9,,
4,17,South,0.1021460,2637,3,,
4,17,South East,0.1423923,3676,7,,
4,17,South West,0.0857608,2214,6,,
4,17,West,0.0390068,1007,5,,
5,17,CBD,0.0284649,771,10,,
5,17,Central,0.2853504,7729,0,,
5,17,Central East,0.0486967,1319,1,,
5,17,East,0.1233848,3342,4,,
5,17,North,0.0533855,1446,2,,
5,17,North East,0.0348520,944,8,,
5,17,North West,0.0402053,1089,9,,
5,17,South,0.1087278,2945,3,,
5,17,South East,0.1316547,3566,7,,
5,17,South West,0.1031898,2795,6,,
5,17,West,0.0420882,1140,5,,
1,18,CBD,0.0220452,631,10,,
1,18,Central,0.2649617,7584,0,,
1,18,Central East,0.0552702,1582,1,,
1,18,East,0.1269958,3635,4,,
1,18,North,0.0586941,1680,2,,
1,18,North East,0.0398980,1142,8,,
1,18,North West,0.0443000,1268,9,,
1,18,South,0.1086189,3109,3,,
1,18,South East,0.1446389,4140,7,,
1,18,South West,0.0939454,2689,6,,
1,18,West,0.0406317,1163,5,,
2,18,CBD,0.0209922,625,10,,
2,18,Central,0.2566419,7641,0,,
2,18,Central East,0.0557216,1659,1,,
2,18,East,0.1361636,4054,4,,
2,18,North,0.0575018,1712,2,,
2,18,North East,0.0379539,1130,8,,
2,18,North West,0.0464179,1382,9,,
2,18,South,0.1047593,3119,3,,
2,18,South East,0.1440567,4289,7,,
2,18,South West,0.0962281,2865,6,,
2,18,West,0.0435630,1297,5,,
3,18,CBD,0.0108293,336,10,,
3,18,Central,0.2648339,8217,0,,
3,18,Central East,0.0525349,1630,1,,
3,18,East,0.1298546,4029,4,,
3,18,North,0.0603668,1873,2,,
3,18,North East,0.0494730,1535,8,,
3,18,North West,0.0540497,1677,9,,
3,18,South,0.1036839,3217,3,,
3,18,South East,0.1411996,4381,7,,
3,18,South West,0.0909208,2821,6,,
3,18,West,0.0422535,1311,5,,
4,18,CBD,0.0077388,178,10,,
4,18,Central,0.2642059,6077,0,,
4,18,Central East,0.0484327,1114,1,,
4,18,East,0.1444720,3323,4,,
4,18,North,0.0662145,1523,2,,
4,18,North East,0.0425634,979,8,,
4,18,North West,0.0508674,1170,9,,
4,18,South,0.1096909,2523,3,,
4,18,South East,0.1449502,3334,7,,
4,18,South West,0.0829529,1908,6,,
4,18,West,0.0379114,872,5,,
5,18,CBD,0.0257248,724,10,,
5,18,Central,0.2809480,7907,0,,
5,18,Central East,0.0507746,1429,1,,
5,18,East,0.1140208,3209,4,,
5,18,North,0.0544699,1533,2,,
5,18,North East,0.0343945,968,8,,
5,18,North West,0.0368818,1038,9,,
5,18,South,0.1183556,3331,3,,
5,18,South East,0.1383243,3893,7,,
5,18,South West,0.1055287,2970,6,,
5,18,West,0.0405770,1142,5,,
1,19,CBD,0.0256300,775,10,,
1,19,Central,0.2760765,8348,0,,
1,19,Central East,0.0486805,1472,1,,
1,19,East,0.1215027,3674,4,,
1,19,North,0.0548647,1659,2,,
1,19,North East,0.0361466,1093,8,,
1,19,North West,0.0385608,1166,9,,
1,19,South,0.1147893,3471,3,,
1,19,South East,0.1382697,4181,7,,
1,19,South West,0.1042397,3152,6,,
1,19,West,0.0412395,1247,5,,
2,19,CBD,0.0238000,773,10,,
2,19,Central,0.2762092,8971,0,,
2,19,Central East,0.0473845,1539,1,,
2,19,East,0.1300225,4223,4,,
2,19,North,0.0554820,1802,2,,
2,19,North East,0.0366391,1190,8,,
2,19,North West,0.0415653,1350,9,,
2,19,South,0.1101635,3578,3,,
2,19,South East,0.1389513,4513,7,,
2,19,South West,0.1003725,3260,6,,
2,19,West,0.0394101,1280,5,,
3,19,CBD,0.0112082,250,10,,
3,19,Central,0.2838825,6332,0,,
3,19,Central East,0.0523201,1167,1,,
3,19,East,0.1167003,2603,4,,
3,19,North,0.0596279,1330,2,,
3,19,North East,0.0459090,1024,8,,
3,19,North West,0.0474781,1059,9,,
3,19,South,0.1124860,2509,3,,
3,19,South East,0.1447209,3228,7,,
3,19,South West,0.0909213,2028,6,,
3,19,West,0.0347456,775,5,,
4,19,CBD,0.0085537,198,10,,
4,19,Central,0.2746674,6358,0,,
4,19,Central East,0.0479091,1109,1,,
4,19,East,0.1340073,3102,4,,
4,19,North,0.0616036,1426,2,,
4,19,North East,0.0432867,1002,8,,
4,19,North West,0.0465699,1078,9,,
4,19,South,0.1081735,2504,3,,
4,19,South East,0.1496458,3464,7,,
4,19,South West,0.0862278,1996,6,,
4,19,West,0.0393555,911,5,,
5,19,CBD,0.0297557,860,10,,
5,19,Central,0.2884229,8336,0,,
5,19,Central East,0.0451872,1306,1,,
5,19,East,0.1120684,3239,4,,
5,19,North,0.0532143,1538,2,,
5,19,North East,0.0332157,960,8,,
5,19,North West,0.0365719,1057,9,,
5,19,South,0.1220677,3528,3,,
5,19,South East,0.1370493,3961,7,,
5,19,South West,0.1002007,2896,6,,
5,19,West,0.0422462,1221,5,,
1,20,CBD,0.0310218,943,10,,
1,20,Central,0.2882426,8762,0,,
1,20,Central East,0.0483913,1471,1,,
1,20,East,0.1242187,3776,4,,
1,20,North,0.0518784,1577,2,,
1,20,North East,0.0339825,1033,8,,
1,20,North West,0.0371735,1130,9,,
1,20,South,0.1123758,3416,3,,
1,20,South East,0.1319495,4011,7,,
1,20,South West,0.0973419,2959,6,,
1,20,West,0.0434239,1320,5,,
2,20,CBD,0.0297008,970,10,,
2,20,Central,0.2836584,9264,0,,
2,20,Central East,0.0466028,1522,1,,
2,20,East,0.1268869,4144,4,,
2,20,North,0.0518999,1695,2,,
2,20,North East,0.0343550,1122,8,,
2,20,North West,0.0383049,1251,9,,
2,20,South,0.1176399,3842,3,,
2,20,South East,0.1359809,4441,7,,
2,20,South West,0.0943691,3082,6,,
2,20,West,0.0406014,1326,5,,
3,20,CBD,0.0124138,308,10,,
3,20,Central,0.2873322,7129,0,,
3,20,Central East,0.0507436,1259,1,,
3,20,East,0.1160372,2879,4,,
3,20,North,0.0589255,1462,2,,
3,20,North East,0.0412720,1024,8,,
3,20,North West,0.0457458,1135,9,,
3,20,South,0.1162388,2884,3,,
3,20,South East,0.1471122,3650,7,,
3,20,South West,0.0874612,2170,6,,
3,20,West,0.0367176,911,5,,
4,20,CBD,0.0097803,235,10,,
4,20,Central,0.2800483,6729,0,,
4,20,Central East,0.0438239,1053,1,,
4,20,East,0.1557766,3743,4,,
4,20,North,0.0618861,1487,2,,
4,20,North East,0.0389129,935,8,,
4,20,North West,0.0459464,1104,9,,
4,20,South,0.1132013,2720,3,,
4,20,South East,0.1330947,3198,7,,
4,20,South West,0.0789496,1897,6,,
4,20,West,0.0385800,927,5,,
5,20,CBD,0.0316996,910,10,,
5,20,Central,0.2950152,8469,0,,
5,20,Central East,0.0470269,1350,1,,
5,20,East,0.1139792,3272,4,,
5,20,North,0.0509980,1464,2,,
5,20,North East,0.0328143,942,8,,
5,20,North West,0.0351482,1009,9,,
5,20,South,0.1206674,3464,3,,
5,20,South East,0.1353677,3886,7,,
5,20,South West,0.0951684,2732,6,,
5,20,West,0.0421152,1209,5,,
1,21,CBD,0.0307935,919,10,,
1,21,Central,0.3004289,8966,0,,
1,21,Central East,0.0498928,1489,1,,
1,21,East,0.1092012,3259,4,,
1,21,North,0.0485190,1448,2,,
1,21,North East,0.0358531,1070,8,,
1,21,North West,0.0383662,1145,9,,
1,21,South,0.1081960,3229,3,,
1,21,South East,0.1378166,4113,7,,
1,21,South West,0.0971720,2900,6,,
1,21,West,0.0437609,1306,5,,
2,21,CBD,0.0322264,1018,10,,
2,21,Central,0.3014340,9522,0,,
2,21,Central East,0.0462819,1462,1,,
2,21,East,0.1108930,3503,4,,
2,21,North,0.0500491,1581,2,,
2,21,North East,0.0350755,1108,8,,
2,21,North West,0.0414068,1308,9,,
2,21,South,0.1180791,3730,3,,
2,21,South East,0.1353003,4274,7,,
2,21,South West,0.0915509,2892,6,,
2,21,West,0.0377030,1191,5,,
3,21,CBD,0.0155514,416,10,,
3,21,Central,0.3022430,8085,0,,
3,21,Central East,0.0432897,1158,1,,
3,21,East,0.1150280,3077,4,,
3,21,North,0.0541682,1449,2,,
3,21,North East,0.0419439,1122,8,,
3,21,North West,0.0486729,1302,9,,
3,21,South,0.1191402,3187,3,,
3,21,South East,0.1411589,3776,7,,
3,21,South West,0.0830654,2222,6,,
3,21,West,0.0357383,956,5,,
4,21,CBD,0.0088808,204,10,,
4,21,Central,0.2928040,6726,0,,
4,21,Central East,0.0426190,979,1,,
4,21,East,0.1371294,3150,4,,
4,21,North,0.0598581,1375,2,,
4,21,North East,0.0417918,960,8,,
4,21,North West,0.0497584,1143,9,,
4,21,South,0.1144487,2629,3,,
4,21,South East,0.1377389,3164,7,,
4,21,South West,0.0767054,1762,6,,
4,21,West,0.0382656,879,5,,
5,21,CBD,0.0347680,971,10,,
5,21,Central,0.3171727,8858,0,,
5,21,Central East,0.0486608,1359,1,,
5,21,East,0.1105342,3087,4,,
5,21,North,0.0493770,1379,2,,
5,21,North East,0.0297551,831,8,,
5,21,North West,0.0360212,1006,9,,
5,21,South,0.1174091,3279,3,,
5,21,South East,0.1271484,3551,7,,
5,21,South West,0.0923088,2578,6,,
5,21,West,0.0368447,1029,5,,
1,22,CBD,0.0333109,890,10,,
1,22,Central,0.3103900,8293,0,,
1,22,Central East,0.0464481,1241,1,,
1,22,East,0.1182349,3159,4,,
1,22,North,0.0510517,1364,2,,
1,22,North East,0.0321880,860,8,,
1,22,North West,0.0346209,925,9,,
1,22,South,0.1121341,2996,3,,
1,22,South East,0.1338798,3577,7,,
1,22,South West,0.0931207,2488,6,,
1,22,West,0.0346209,925,5,,
2,22,CBD,0.0291605,874,10,,
2,22,Central,0.3004137,9004,0,,
2,22,Central East,0.0476445,1428,1,,
2,22,East,0.1217803,3650,4,,
2,22,North,0.0522821,1567,2,,
2,22,North East,0.0353663,1060,8,,
2,22,North West,0.0388029,1163,9,,
2,22,South,0.1106032,3315,3,,
2,22,South East,0.1372281,4113,7,,
2,22,South West,0.0902175,2704,6,,
2,22,West,0.0365007,1094,5,,
3,22,CBD,0.0181094,482,10,,
3,22,Central,0.3116171,8294,0,,
3,22,Central East,0.0453487,1207,1,,
3,22,East,0.1097460,2921,4,,
3,22,North,0.0538022,1432,2,,
3,22,North East,0.0382477,1018,8,,
3,22,North West,0.0454238,1209,9,,
3,22,South,0.1210926,3223,3,,
3,22,South East,0.1423204,3788,7,,
3,22,South West,0.0807033,2148,6,,
3,22,West,0.0335888,894,5,,
4,22,CBD,0.0088816,184,10,,
4,22,Central,0.2844041,5892,0,,
4,22,Central East,0.0474007,982,1,,
4,22,East,0.1607376,3330,4,,
4,22,North,0.0646329,1339,2,,
4,22,North East,0.0378916,785,8,,
4,22,North West,0.0465318,964,9,,
4,22,South,0.1069653,2216,3,,
4,22,South East,0.1380026,2859,7,,
4,22,South West,0.0699426,1449,6,,
4,22,West,0.0346093,717,5,,
5,22,CBD,0.0359539,852,10,,
5,22,Central,0.3254420,7712,0,,
5,22,Central East,0.0436764,1035,1,,
5,22,East,0.1096763,2599,4,,
5,22,North,0.0469258,1112,2,,
5,22,North East,0.0298772,708,8,,
5,22,North West,0.0352365,835,9,,
5,22,South,0.1202684,2850,3,,
5,22,South East,0.1340676,3177,7,,
5,22,South West,0.0838925,1988,6,,
5,22,West,0.0349833,829,5,,
1,23,CBD,0.0398220,886,10,,
1,23,Central,0.3327341,7403,0,,
1,23,Central East,0.0429682,956,1,,
1,23,East,0.1210841,2694,4,,
1,23,North,0.0441368,982,2,,
1,23,North East,0.0308778,687,8,,
1,23,North West,0.0311025,692,9,,
1,23,South,0.1236011,2750,3,,
1,23,South East,0.1281406,2851,7,,
1,23,South West,0.0767225,1707,6,,
1,23,West,0.0288103,641,5,,
2,23,CBD,0.0366969,1035,10,,
2,23,Central,0.3406254,9607,0,,
2,23,Central East,0.0462346,1304,1,,
2,23,East,0.1147355,3236,4,,
2,23,North,0.0437527,1234,2,,
2,23,North East,0.0342505,966,8,,
2,23,North West,0.0350659,989,9,,
2,23,South,0.1122536,3166,3,,
2,23,South East,0.1257268,3546,7,,
2,23,South West,0.0794923,2242,6,,
2,23,West,0.0311658,879,5,,
3,23,CBD,0.0203303,517,10,,
3,23,Central,0.3272120,8321,0,,
3,23,Central East,0.0484074,1231,1,,
3,23,East,0.1052694,2677,4,,
3,23,North,0.0478175,1216,2,,
3,23,North East,0.0377900,961,8,,
3,23,North West,0.0403460,1026,9,,
3,23,South,0.1139992,2899,3,,
3,23,South East,0.1575305,4006,7,,
3,23,South West,0.0700747,1782,6,,
3,23,West,0.0312230,794,5,,
4,23,CBD,0.0117195,189,10,,
4,23,Central,0.2815155,4540,0,,
4,23,Central East,0.0469399,757,1,,
4,23,East,0.1569418,2531,4,,
4,23,North,0.0638680,1030,2,,
4,23,North East,0.0371427,599,8,,
4,23,North West,0.0439015,708,9,,
4,23,South,0.1023129,1650,3,,
4,23,South East,0.1496249,2413,7,,
4,23,South West,0.0645501,1041,6,,
4,23,West,0.0414832,669,5,,
5,23,CBD,0.0341703,611,10,,
5,23,Central,0.3236396,5787,0,,
5,23,Central East,0.0435658,779,1,,
5,23,East,0.1195683,2138,4,,
5,23,North,0.0418880,749,2,,
5,23,North East,0.0300319,537,8,,
5,23,North West,0.0326604,584,9,,
5,23,South,0.1312007,2346,3,,
5,23,South East,0.1396454,2497,7,,
5,23,South West,0.0704099,1259,6,,
5,23,West,0.0332196,594,5,,
